{
  "start": {
    "position": {
      "x": -3.164403208941583, "y": 2.312294606497067, "z": 5.492750812337571
    },
    "target": {
      "x": 0.38907103355456535, "y": 1.9556824230021994, "z": 3.37513881081412
    }
  },
  "desk": {
    "position": {
      "x": -0.9433118261406928, "y": 2.329910512529755, "z": 3.2483758383880925
    },
    "target": {
		  "x": -0.02832889536066171, "y": 1.7402298093022248, "z": 0.9562696578987557
    }
  },
  "monitor": {
    "position": {
      "x": -0.06827423996345765, "y": 2.0804747388187046, "z": 1.401259616428236
    },
    "target": {
      "x": -0.06451238166526962, "y": 1.994970252050544, "z": 0.9566169215751376
    }
  }
}
