{
  "start": {
    "position": {
      "x": -1.5156031359768487, "y": 1.782123372669446, "z": 7.298422236148239 
    },
    "target": {
      "x": 0.19318266376057033, "y": 1.5176498332782173, "z": 3.5236723281312043
    }
  },
  "desk": {
    "position": {
      "x": -0.9433118261406928, "y": 2.329910512529755, "z": 3.2483758383880925
    },
    "target": {
		  "x": -0.02832889536066171, "y": 1.7402298093022248, "z": 0.9562696578987557
    }
  },
  "monitor": {
    "position": {
      "x": -0.06827423996345765, "y": 2.0804747388187046, "z": 1.401259616428236
    },
    "target": {
      "x": -0.06451238166526962, "y": 1.994970252050544, "z": 0.9566169215751376
    }
  }
}
